,Official_ID,Full_Name
0,1165,Luis Grillo
1,1140,Bruce Alexander
2,1153,Joe Crawford
3,1146,Tony Brothers
4,1157,Terry Durham
5,1177,Ed Middleton
6,1147,Mike Callahan
7,1142,Dick Bavetta
8,1202,Tommie Wood
9,1152,Dan Crawford
10,1144,Ted Bernhardt
11,1151,Sean Corbin
12,1194,Bill Spooner
13,1145,Joe Borgia
14,1182,Ronnie Nunn
16,1168,David Jones
19,1186,Blane Reichelt
20,1167,Steve Javie
21,1148,James Capers
23,1158,Hugh Evans
24,1201,Leon Wood
25,1199,Tom Washington
27,1192,Bennett Salvatore
29,1163,Bernie Fryer
30,1176,Monty McCutchen
34,1363,Bennie Adams
37,1164,Ron Garretson
42,1190,Eddie Rush
44,1150,Jimmy Clark
51,1159,Kevin Fehr
56,1195,Derrick Stafford
57,1160,Nolan Fine
64,1188,Leroy Richardson
65,1184,Ron Olesiak
67,1204,Derek Richardson
69,1166,Hue Hollins
76,1180,Jack Nies
77,1174,Ken Mauer
78,1193,Michael Smith
85,1203,Mark Wunderlich
86,1181,Tommy Nunez
88,1185,Violet Palmer
93,1143,Gary Benson
96,1161,Joe Forte
97,1183,Bill Oakes
111,1179,Rodney Mott
113,1661,Rashan Michel
117,1198,Scott Wall
123,1155,JB DeRosa
126,1662,Bill Kennedy
131,1200,Greg Willard
147,1162,Scott Foster
153,1830,Marc Davis
161,1170,Denise Kantner
171,1827,George Toliver
174,1154,Bob Delaney
178,1825,Mike Mathis
180,1189,Phil Robinson
191,1826,Jess Kersey
195,2001,Jason Phillips
196,1828,Hank Armstrong
199,1172,Jim Kinsey
225,1156,Tim Donaghy
296,2004,Courtney Kirkland
325,1197,Don Vaden
355,2002,Derrick Collins
369,2003,Pat Fraher
428,2147,Michael Henderson
452,1664,Gary Zielinski
517,2529,Tony Brown
551,2531,Troy Raymond
560,2530,Ed Malloy
578,2534,Zach Zarba
671,2005,Matt Boland
692,1169,Anthony Jordan
4130,2878,Tommy Nunez Jr.
4179,2883,Robbie Robinson
4180,2148,Mark Ayotte
4212,2716,Olandis Poole
4233,2715,Eric Lewis
4567,100589,Thomas Nunez
7836,2714,David Guthrie
7858,2882,Sean Wright
7907,2532,Eli Roe
15195,101284,John Goble
15243,200834,Mark Lindsay
15247,101283,Brian Forte
18877,200832,Curtis Blair
18883,201637,Haywoode Workman
18939,200833,Eric Dalen
22649,201640,Kane Fitzgerald
22657,201245,Marat Kogut
23320,201246,Kevin Cutler
23378,201639,Josh Tiven
23386,201638,Brent Barnaky
23470,202037,J.T. Orr
23561,202053,Scott Twardoski
23586,202058,James Williams
23628,202007,Nick Buchert
26354,202026,Karl Lane
26456,202005,Scott Bolnick
26501,202027,Tre Maddox
26515,202041,Kevin Scott
30926,202000,Steve Anderson
30977,202901,Matt Myers
31011,202900,SirAllen Connor
31022,202049,Ben Taylor
32974,203177,Lauren Holtkamp
33036,203207,Brenda Pantoja
33652,202012,Sir Allen Conner
36693,203592,Dedric Taylor
36924,203593,Justin Van Duyne
40364,204055,Kipp Kissinger
40422,202035,Brett Nansel
40465,203591,Mitchell Ervin
40506,204059,Tyler Ford
40685,202056,CJ Washington
40696,204058,Gediminas Petraitis
44306,1626302,Aaron Smith
47826,1627962,Jacyn Goble
47915,1626303,Vladimir Voyard-Tadal
47918,1627963,Phenizee Ransom
47925,1626301,Jason Goldenberg
51383,1627964,Jonathan Sterling
51415,1626300,Ray Acosta
51547,1627961,Brandon Adair
51753,1627538,Randy Richardson
55180,1627541,Natalie Sago
55191,1628953,Ashley Moyer-Gleich
55213,1628159,Mousa Dagher
55277,1628951,John Butler
55816,1627524,Nate Green
55842,1628172,Evan Scott
58752,1628954,Jenna Schroeder
58763,1628481,Simone Jelks
58877,1627519,John Conley
58990,1627534,Andy Nagy
59004,1627529,Suyash Mehta
61937,1628171,Brandon Schwab
61956,1628484,Dannica Mosher
61959,1628480,Robert Hussey
62103,1628487,Danielle Scott
62493,1627526,Matt Kallio
